type,name,notice,furigana
不燃ごみ,アイスピック,先端部分を保護して出してください。,あ
不燃ごみ,安全ピン,散らばらないようにして出してください。,あ
不燃ごみ,泡たて器,,あ
不燃ごみ,雨樋,事業活動によるものは、受入れできません。,あ
不燃ごみ,圧力鍋,,あ
不燃ごみ,空きびん（飲料用以外）,中身を使い切って出してください。,あ
不燃ごみ（粗大ごみ）,アンテナ・アンテナ支柱,,あ
不燃ごみ（粗大ごみ）,アコーディオンカーテン,,あ
不燃ごみ（粗大ごみ）,アタッシュケース,,あ
不燃ごみ（粗大ごみ）,編み機（毛糸編み機）,,あ
不燃ごみ（粗大ごみ）,アルミサッシ,ガラスなどをはずしてください。日曜大工で出たものに限ります。,あ
受入れできないもの,アルミホイール（自動車用）,購入店または専門業者へ引取りを依頼してください。,あ
受入れできないもの,畦シート,購入店または専門業者へ引取りを依頼してください。,あ
可燃ごみ,アルミ容器（鍋焼きうどん用）汚れているもの,,あ
可燃ごみ,アイスクリームのカップ（紙製）,,あ
可燃ごみ,アルバム,金属部分は取り除いてください。,あ
可燃ごみ,アイスノン（保冷剤）,,あ
可燃ごみ,アルミホイル（台所用）,,あ
可燃ごみ（粗大ごみ）,アイロン台（木製）,金属部分を外して出してください。,あ
容器包装プラスチック,アイスクリームのカップ（プラスチック製）,すすいでから出してください。,あ
容器包装プラスチック,油のプラスチック容器,中身を使い切って出してください（食器のすすぎ水などを利用してください）。,あ
小型家電,ICレコーダー,,あ
小型家電,IH調理器,小型家電ボックス（横60センチ たて25センチ）に入らないものは、不燃ごみとしてお出しください。,あ
小型家電,アイロン,,あ
空きびん,空きびん（飲料用）,空にして、すすいで、ふたを取って出してください。,あ
空き缶,アルミ容器（鍋焼きうどん用）汚れの無いもの,資源として再利用します。,あ
空き缶,油の缶,空にして、すすいで出してください。,あ
空き缶,空き缶,空にして、すすいで出してください。,あ
不燃ごみ,インクリボン,店頭回収をご利用ください。,い
不燃ごみ,育毛剤の容器（びん）,空きびんではありません。,い
不燃ごみ,入歯,,い
不燃ごみ,印鑑ケース,,い
不燃ごみ,一升びんのふた,,い
不燃ごみ,印鑑（石・水晶・プラスチック製）,壊してから出してください。,い
不燃ごみ（粗大ごみ）,犬小屋（プラスチック製）,,い
不燃ごみ（粗大ごみ）,一輪車,,い
不燃ごみ（粗大ごみ）,衣装ケース（プラスチック）,,い
不燃ごみ（粗大ごみ）,いす（金属製）,,い
不燃ごみ（粗大ごみ）,いす（プラスチック製）,,い
不燃ごみ（粗大ごみ）,板ガラス,散らばらないようにして出してください。,い
不燃ごみ（粗大ごみ）,一輪車（運搬用）,,い
不燃ごみ（粗大ごみ）,一斗缶,中身を空にして出してください。,い
不燃ごみ（粗大ごみ）,衣装ケース（金属製）,,い
受入れできないもの,衣類乾燥機,商品を購入した店舗または買い替えの場合は商品購入予定の店舗に引き取ってもらってください（要：リサイクル料金）,い
受入れできないもの,育苗箱,農業の事業活動であるものは、購入店または専門業者へ引取りを依頼してください。ただし、一般家庭からのものは不燃ごみで受入れいています（他の農具も同様）。,い
可燃ごみ,印鑑（木・象牙製）,壊してから出してください。,い
可燃ごみ,衣類,,い
可燃ごみ,色鉛筆,,い
可燃ごみ,色紙,,い
可燃ごみ（粗大ごみ）,板くず・板切れ,日曜大工や工作くずに限ります。（1m以内）,い
可燃ごみ（粗大ごみ）,犬小屋（木製）,金属部分を外して出してください。（1m以内）,い
可燃ごみ（粗大ごみ）,いす（木製）,金属部分を外して出してください。,い
容器包装プラスチック,いちごのパック,すすいでから出してください。,い
容器包装プラスチック,医薬品の個包装,飲み薬などの家庭から出るものに限ります。,い
容器包装プラスチック,入歯接着剤のチューブ容器,分別困難な場合は、可燃ごみに出してください。,い
容器包装プラスチック,育毛剤の容器（プラスチック）,すすいでから出してください。,い
小型家電,イヤホン,,い
小型家電,ETC車載ユニット,,い
空きびん,一升びん（酒・しょうゆなど）,買ったお店に返してください。（リターナブルびん）,い
不燃ごみ,うちわ（プラスチック製）,,う
不燃ごみ,植木鉢（陶磁器製）,,う
不燃ごみ,腕時計,電池を抜いて出してください。,う
不燃ごみ（粗大ごみ）,うす（石・木製）,,う
不燃ごみ（粗大ごみ）,乳母車,,う
可燃ごみ,うちわ（木製）,,う
可燃ごみ,運動靴,,う
可燃ごみ,ウインドブレーカー,,う
可燃ごみ,植木の枝葉（少量）,細かくして、束ねて市指定袋に入れて出してください。,う
可燃ごみ,ウエットスーツ,,う
可燃ごみ,浮き輪,,う
可燃ごみ（粗大ごみ）,ウッドカーペット,,う
可燃ごみ（粗大ごみ）,羽毛布団,折りたたむか束ねたままで出してください。,う
小型家電,ウインドファン,小型家電ボックス（横60センチ たて25センチ）に入らないものは、不燃ごみとしてお出しください。,う
不燃ごみ,絵の具,,え
不燃ごみ,栄養剤のびんのふた,素材により分別してください。,え
不燃ごみ,エレクトーン,木製部分がある場合は外して,え
不燃ごみ,延長コード,,え
不燃ごみ,鉛筆削り,,え
不燃ごみ,塩ビ配管,事業活動によるものは、受入れできません。,え
受入れできないもの,液晶テレビ,商品を購入した店舗または買い替えの場合は商品購入予定の店舗に引き取ってもらってください（要：リサイクル料金）,え
受入れできないもの,エアコン（室内機・室外機）,商品を購入した店舗または買い替えの場合は商品購入予定の店舗に引き取ってもらってください（要：リサイクル料金）,え
受入れできないもの,園芸腐葉土（家庭用）,土は廃棄物（ごみ）ではありませんので、農家の方や園芸をされている方に受け入れをご相談ください。,え
古紙類,絵本,雑誌類と同じ区分で出してください。,え
可燃ごみ,園芸肥料（家庭菜園で使用するもの）,家庭菜園程度に限ります。,え
可燃ごみ,鉛筆,,え
可燃ごみ（粗大ごみ）,エアマット,折りたたむか束ねたままで出してください。,え
容器包装プラスチック,液体洗剤の容器,,え
小型家電,LED照明器具,,え
小型家電,mDプレイヤー,,え
不燃ごみ,おまる,汚物を取ってトイレに流してから出してください。,お
不燃ごみ,温度計,水銀温度計は有害ごみに出してください。,お
不燃ごみ,おもちゃ（プラスチック・金属製）,電池を抜いて出してください。,お
不燃ごみ,オルガン,一般家庭からの排出分に限り受けいれています。木製部品で取り外せる箇所は、可燃ごみで出してください。,お
不燃ごみ,オードブル皿（プラマークなし）,,お
不燃ごみ,おしゃぶり,,お
不燃ごみ,おたま,,お
不燃ごみ,おぼん（プラスチック製）,,お
不燃ごみ,王冠,,お
不燃ごみ（粗大ごみ）,オーブンレンジ,,お
不燃ごみ（粗大ごみ）,大型トレーニング器具,,お
不燃ごみ（粗大ごみ）,折りたたみ椅子（金属製）,,お
不燃ごみ（粗大ごみ）,オイルヒーター,家庭用に限ります。,お
不燃ごみ（粗大ごみ）,オーブントースター,,お
受入れできないもの,オートバイ,購入店または専門業者へ引取りを依頼してください。,お
受入れできないもの,オイル（自動車、機械油）,購入店または専門業者へ引取りを依頼してください。,お
古紙類,おもちゃの空き箱（紙製）,再生のできない紙は、可燃ごみとして出してください。,お
可燃ごみ,帯,,お
可燃ごみ,お手拭き（弁当の付属品）,,お
可燃ごみ,おぼん（木製）,,お
可燃ごみ,おむつ（紙おむつ）,汚物を取ってトイレに流してから出してください。,お
可燃ごみ,おむつ（布製）・おむつカバー,汚物を取ってトイレに流してから出してください。,お
可燃ごみ,おもちゃ（布・紙製）,,お
可燃ごみ（粗大ごみ）,折りたたみ椅子（木製）,金属部分を外して出してください。,お
可燃ごみ（粗大ごみ）,応接間用ソファ,金属部分を外して出してください。（スプリング含む）,お
容器包装プラスチック,お手拭き（弁当の付属品）の外装,,お
容器包装プラスチック,オードブル皿（プラマークあり）,すすいでから出してください。,お
有害ごみ,温度計（水銀入り）,水銀温度計は有害ごみに出してください。,お
不燃ごみ,カッター,,か
不燃ごみ,ガスマット（アルミ製）,,か
不燃ごみ,カセットテープ,,か
不燃ごみ,缶切り,,か
不燃ごみ,瓦,施設に持ち込む前に市民環境課（69-0210）連絡を入れ、現地確認を受けてから持込んでください。,か
不燃ごみ,ガス給湯器（6号未満）　電気式、ガス式、灯油式とも,5号までの大きさの給湯器は受け入れます。6号以上の給湯器は購入店または専門業者へ引取りを依頼してください。,か
不燃ごみ,軽石,,か
不燃ごみ,ガラスのコップ・食器,破損しているものは、新聞などで包んで出してください。,か
不燃ごみ,かみそり,先端部分を保護して出してください。,か
不燃ごみ,傘,,か
不燃ごみ,鎌（かま）,先端部分を保護して出してください。,か
不燃ごみ,鉋（かんな）,,か
不燃ごみ,花びん,,か
不燃ごみ,画鋲（がびょう）,散らばらないようにして出してください。,か
不燃ごみ,カーペットローラー,,か
不燃ごみ,金づち,,か
不燃ごみ,懐中電灯,電池を抜いて出してください。,か
不燃ごみ,カイロ（使い捨て）,,か
不燃ごみ,カッターの刃,先端部分を保護して出してください。,か
不燃ごみ,鏡（かがみ）,,か
不燃ごみ,鍵（かぎ）,,か
不燃ごみ,寒暖計,水銀寒暖計は有害ごみに出してください。,か
不燃ごみ（粗大ごみ）,ガス台,電池を抜いて出してください。,か
不燃ごみ（粗大ごみ）,カーテンレール,,か
不燃ごみ（粗大ごみ）,学習机（金属製）,,か
不燃ごみ（粗大ごみ）,ガス炊飯器,,か
不燃ごみ（粗大ごみ）,ガスストーブ,,か
不燃ごみ（粗大ごみ）,ガスレンジ（ガス台）,電池を抜いて出してください。,か
不燃ごみ（粗大ごみ）,釜（かま）,,か
不燃ごみ（粗大ごみ）,ガラス板,,か
受入れできないもの,乾燥機（衣類など）,商品を購入した店舗または買い替えの場合は商品購入予定の店舗に引き取ってもらってください（要：リサイクル料金）,か
受入れできないもの,ガスボンベ,購入店または専門業者へ引取りを依頼してください。,か
受入れできないもの,ガス給湯器（6号以上）　電気式、ガス式、灯油式とも,購入店または専門業者へ引取りを依頼してください。,か
古紙類,画用紙,再生のできない紙は、可燃ごみとして出してください。,か
古紙類,カタログ,壁紙、タイル、板の見本は除いてください。,か
古紙類,カレンダー,金属部分は不燃ごみ,か
古紙類,紙パック,内側が銀色のものは、可燃ごみに出してください。,か
可燃ごみ,菓子箱（木製）,潰して出してください。,か
可燃ごみ,額縁（木製）,ガラスをはずしてください。,か
可燃ごみ,カップ麺の器　（カップ「紙」マークあり）,,か
可燃ごみ,カップ麺の器のフタ(紙製）,,か
可燃ごみ,かつら,,か
可燃ごみ,カーボン紙,裏面にカーボンが添付してある用紙も、可燃ごみです。,か
可燃ごみ,蚊取り線香,,か
可燃ごみ,貝がら,家庭から出るものに限ります。,か
可燃ごみ,紙コップ・紙皿,,か
可燃ごみ,紙粘土,,か
可燃ごみ,髪の毛,散らばらないようにして出してください。,か
可燃ごみ,紙袋,,か
可燃ごみ,ガム・ガムの包装(紙製）,,か
可燃ごみ,ガムテープ,,か
可燃ごみ,感熱紙,,か
可燃ごみ,ガーゼ,,か
可燃ごみ,革製品・合成皮革製品,,か
可燃ごみ,緩衝材,,か
可燃ごみ,乾燥剤,,か
可燃ごみ（粗大ごみ）,学習机（木製）,破砕した後に焼却しますので、分解し金属部分を外して出してください。,か
可燃ごみ（粗大ごみ）,カーテン,,か
可燃ごみ（粗大ごみ）,角材（少量）,家庭から出るものに限ります。（日曜大工程度）,か
可燃ごみ（粗大ごみ）,カーペット,折りたたむか束ねたままで出してください。,か
可燃ごみ（粗大ごみ）,カラーボックス,,か
容器包装プラスチック,菓子袋,,か
容器包装プラスチック,カップ麺の器（カップ「プラ」マークあり）,汚れはすすいでからお出しください。汚れが落ちないものは「可燃ごみ」としてお出しください。,か
容器包装プラスチック,カップ麺の外包装フィルム,,か
容器包装プラスチック,カップ麺の具やスープの袋,分別困難な場合は、可燃ごみに出してください。,か
容器包装プラスチック,カイロ（使い捨て）の外袋,,か
小型家電,かみそり（電気かみそり）,,か
小型家電,カセットデッキ,小型家電ボックス（横60センチ たて25センチ）に入らないものは、不燃ごみとしてお出しください。電池を抜いて出してください。,か
小型家電,カメラ（フィルムカメラ・デジタルカメラ）,電池を抜いて出してください。,か
小型家電,カーナビゲーション,,か
小型家電,加湿器,小型家電ボックス（横60センチ たて25センチ）に入らないものは、不燃ごみとしてお出しください。,か
有害ごみ,乾電池,,か
空きびん,カップ酒のびん,空にして、すすいで、ふたを取って出してください。,か
空き缶,缶詰の缶（ふた）,空にして、すすいで出してください。,か
空き缶,菓子箱（金属製）,空にして、すすいで出してください。,か
空き缶,カセットボンベ（卓上）,空にして、火気のない所で穴をあけてだしてください。,か
不燃ごみ,禁煙パイプ,,き
不燃ごみ,錐（きり）,先端部分を保護して出してください。,き
不燃ごみ,霧吹き,,き
不燃ごみ,給油ポンプ,,き
不燃ごみ,キーホルダー,,き
不燃ごみ,キャスター（こま）,,き
不燃ごみ,金庫（てさげ金庫）,,き
不燃ごみ,金魚鉢,,き
不燃ごみ,急須（きゅうす）,,き
不燃ごみ,給湯機,台所専用の小型ガス給湯器（5号まで）に限ります。大型のものは取替時に引取を依頼してください。,き
不燃ごみ（粗大ごみ）,脚立,,き
不燃ごみ（粗大ごみ）,ギター,,き
不燃ごみ（粗大ごみ）,木の根,,き
受入れできないもの,金庫（耐火金庫）,購入店または専門業者へ引取りを依頼してください。,き
古紙類,教科書,雑誌類と同じ区分で出してください。,き
古紙類,牛乳パック,内側が銀色のものは、可燃ごみに出してください。,き
可燃ごみ,キャッシュカード,使えないようにしてから出してください。,き
可燃ごみ,キッチンペーパー,,き
可燃ごみ,木の枝・木の葉・剪定くず（少量）,根や土は取り除いてください。,き
小型家電,キーボード（楽器）,小型家電ボックス（横60センチ たて25センチ）に入らないものは、不燃ごみとしてお出しください。,き
小型家電,キーボード（パソコン用）,,き
空きびん,牛乳びん,買ったお店に返してください。（リターナブルびん）,き
不燃ごみ,クレヨン,,く
不燃ごみ,釘（くぎ）,散らばらないようにして出してください。,く
不燃ごみ,靴墨,,く
不燃ごみ,串（金属製）,先端部分を保護して出してください。,く
不燃ごみ,果物ナイフ,先端部分を保護して出してください。,く
不燃ごみ,鍬（くわ）,,く
不燃ごみ,口紅,,く
不燃ごみ,靴べラ（金属製・プラスチック製）,,く
不燃ごみ,釘抜き,先端部分を保護して出してください。,く
不燃ごみ,車椅子（個人所有に限る）,購入店または専門業者へ引取りを依頼してください。,く
不燃ごみ,グラス,破損しているものは、新聞などで包んで出してください。,く
不燃ごみ,空気入れ,,く
不燃ごみ,クリップ,,く
不燃ごみ,草刈機,,く
不燃ごみ,草刈機の替刃,先端部分を保護して出してください。,く
不燃ごみ,くさり,,く
不燃ごみ（粗大ごみ）,空気清浄機,,く
不燃ごみ（粗大ごみ）,クーラーボックス,,く
受入れできないもの,クーラー（空気調和器）,商品を購入した店舗または買い替えの場合は商品購入予定の店舗に引き取ってもらってください（要：リサイクル料金）,く
古紙類,靴の空き箱,段ボールと同じ区分で出してください。,く
可燃ごみ,グローブ,,く
可燃ごみ,クーラーバック,,く
可燃ごみ,草,土は取り除いてください。,く
可燃ごみ,串（木製）,先端部分を保護して出してください。,く
可燃ごみ,くず取りネット,,く
可燃ごみ,靴,金具等は取り外して不燃ごみにお出しください。金具等が取り外せないものは不燃になります。,く
可燃ごみ,靴下・ストッキング,,く
可燃ごみ,クッション,,く
可燃ごみ,靴べラ（木製）,,く
可燃ごみ,グラブ・ミット（スポーツ用）,,く
可燃ごみ,クリヤファイル,,く
可燃ごみ,クレジットカード,使えないようにしてから出してください。,く
可燃ごみ,軍手,,く
容器包装プラスチック,靴用クリームのチューブ容器,分別困難な場合は、可燃ごみに出してください。,く
容器包装プラスチック,果物のネット,,く
不燃ごみ,携帯ゲーム機（ゲーム機）,小型家電ボックス（横60センチ たて25センチ）に入らないものは、不燃ごみとしてお出しください。電池を抜いて出してください。,け
不燃ごみ,蛍光ペン,,け
不燃ごみ,計量カップ,,け
不燃ごみ,ゲームソフト（CDタイプ）,,け
不燃ごみ,化粧品のびん,空きびんではありません。,け
不燃ごみ,毛抜き,,け
不燃ごみ,剣山,先端部分を保護して出してください。,け
不燃ごみ,顕微鏡,,け
不燃ごみ（粗大ごみ）,下駄箱（金属製）,,け
不燃ごみ（粗大ごみ）,玄関マット（金属製）,,け
受入れできないもの,原動機付自転車以上,購入店または専門業者へ引取りを依頼してください。,け
古紙類,化粧品の箱,,け
可燃ごみ,消しゴム,,け
可燃ごみ,玄関マット（ゴム製）,,け
可燃ごみ,下駄,,け
可燃ごみ,毛糸,,け
可燃ごみ（粗大ごみ）,下駄箱（木製）,金属部分を外して出してください。,け
小型家電,ゲームソフト（基盤のあるもの）,CDタイプのものは「不燃ごみ」,け
小型家電,携帯電話,,け
小型家電,ゲーム機,,け
有害ごみ,蛍光管・蛍光灯,割れないように出してください。,け
不燃ごみ,コルク抜き,,こ
不燃ごみ,コンタクトレンズ,,こ
不燃ごみ,コップ（プラスチック製）,,こ
不燃ごみ,碁石（ごいし）,,こ
不燃ごみ,香水びん,空きびんではありません。,こ
不燃ごみ,ゴーグル,,こ
不燃ごみ,コード,結ぶなどして出してください。,こ
不燃ごみ,コップ（ガラス製）,空きびんではありません。,こ
不燃ごみ,ごみ箱（プラスチック製）,,こ
不燃ごみ,ゴムカーペット,,こ
不燃ごみ,コンクリートがら,家庭から排出されたものに限ります。軽トラック1台分を超える量を持ち込む場合は、事前に峰山クリーンセンター（62-4626）連絡を入れ、現地確認を受けてから持込んでください。建設業者が持ち込まれるものは受入れができません。,こ
不燃ごみ,コンセント,,こ
不燃ごみ,コンパス,先端部分を保護して出してください。,こ
不燃ごみ,コンプレッサー,事業活動によるものは、受入れできません。,こ
不燃ごみ（粗大ごみ）,コードリール,,こ
不燃ごみ（粗大ごみ）,米びつ,,こ
不燃ごみ（粗大ごみ）,ゴルフクラブ・ゴルフバッグ,,こ
不燃ごみ（粗大ごみ）,工具箱（金属・プラスチック製）,,こ
受入れできないもの,耕運機,購入店または専門業者へ引取りを依頼してください。,こ
可燃ごみ,ゴム長靴,鉄板入りのものは、不燃ごみとしてください。,こ
可燃ごみ,コート（衣類）,,こ
可燃ごみ,コップ（紙製）,,こ
可燃ごみ,米袋（紙製）,家庭用に限ります。,こ
可燃ごみ,コルク栓,,こ
可燃ごみ,紅茶のティーパック,,こ
可燃ごみ,ゴム手袋,,こ
可燃ごみ（粗大ごみ）,こたつ（板含む）,電熱機器は、取り外してください。,こ
可燃ごみ（粗大ごみ）,ござ,折りたたむか束ねたままで出してください。,こ
可燃ごみ（粗大ごみ）,工具箱（木製）,金属部分を外して出してください。,こ
容器包装プラスチック,米袋（プラスチック製）,,こ
小型家電,こたつの電熱機器,小型家電ボックス（横60センチ たて25センチ）に入らないものは、不燃ごみとしてお出しください。,こ
小型家電,コーヒーメーカー,,こ
小型家電,コピー機（家庭用小型）,小型家電ボックス（横60センチ たて25センチ）に入らないものは、不燃ごみとしてお出しください。事業用のものは購入店等にご相談ください。,こ
空き缶,粉ミルクの缶,空にして、すすいで出してください。,こ
不燃ごみ,皿（陶器製）,破損しているものは、新聞などで包んで出してください。,さ
不燃ごみ,サッシ,ガラス付きでも受け入れ可能,さ
不燃ごみ,サングラス,,さ
不燃ごみ,ざる(プラスチック製),,さ
不燃ごみ,サンドペーパー,,さ
不燃ごみ（粗大ごみ）,三輪車,,さ
不燃ごみ（粗大ごみ）,竿（物干し）,,さ
不燃ごみ（粗大ごみ）,三脚（金物）,,さ
古紙類,雑誌,雑誌類と同じ区分で出してください。,さ
可燃ごみ,残飯,水を十分に切ってから出す。,さ
可燃ごみ,ざる(竹製）,,さ
可燃ごみ,材木（小屋などの解体ごみ）,日曜大工などにより発生したものに限ります。釘やボルト等金属・金具類を取り除き1m以下に切断したものに限ります。軽トラック1台分を超える量を持ち込む場合は事前に現場確認を行いますので、峰山クリーンセンター（62-4626）に連絡願います。,さ
可燃ごみ,作業着,,さ
可燃ごみ,サンダル,,さ
可燃ごみ,財布,,さ
可燃ごみ（粗大ごみ）,座いす,金属部分を外して出してください。（スプリング含む）,さ
可燃ごみ（粗大ごみ）,座布団,,さ
小型家電,サーキュレイター,小型家電ボックス（横60センチ たて25センチ）に入らないものは、不燃ごみとしてお出しください。,さ
不燃ごみ,しゃもじ（プラスチック製）,,し
不燃ごみ,CDケース,その他プラではありません。,し
不燃ごみ,織機（機織り機）鉄製,金属類、木製部品の分別が必要。解体を業者に依頼する場合、その解体業者が一廃収運許可を持っている必要あり。許可が無ければ許可業者に収運を依頼してください。,し
不燃ごみ,じょうろ（プラスチック製）,,し
不燃ごみ,消臭剤,,し
不燃ごみ,定規（金属製・プラスチック製）,,し
不燃ごみ,蛇口,,し
不燃ごみ,磁石,,し
不燃ごみ,七輪（しちりん）,,し
不燃ごみ,CD,情報が漏れないように、壊してから出してください。,し
不燃ごみ,芝刈機（個人使用に限る）,大型のものは購入店または専門業者へ引取りを依頼してください。,し
不燃ごみ（粗大ごみ）,瞬間湯沸かし器（台所用）6号未満,台所専用の小型ガス給湯器（5号まで）に限ります。大型のものは取替時に引取を依頼してください。,し
不燃ごみ（粗大ごみ）,収納ケース（プラスチック・金属製）,,し
不燃ごみ（粗大ごみ）,室内物干し,,し
不燃ごみ（粗大ごみ）,書棚・食器棚（金属製）,,し
不燃ごみ（粗大ごみ）,自転車,,し
不燃ごみ（粗大ごみ）,瞬間湯沸かし器（6号以上）,6号以上のものは取替時に引取を依頼してください。,し
受入れできないもの,自動車部品（バンパー・マフラー等）,購入店または専門業者へ引取りを依頼してください。,し
受入れできないもの,消火器,販売店・製造元または消火器リサイクル推進センター　tel：03-5829-6773　ホームページHttp://www.fErpC.jp,し
古紙類,新聞紙,新聞・チラシと同じ区分で出してください。,し
古紙類,辞典,雑誌類と同じ区分で出してください。,し
古紙類,週刊誌,雑誌類と同じ区分で出してください。,し
可燃ごみ,シーツ,,し
可燃ごみ,織機（機織り機）木製,破砕した後に焼却しますので、長さ1.0m以内　太さ20センチ以内に解体してください。,し
可燃ごみ,定規（木製）,,し
可燃ごみ,ジーンズ,,し
可燃ごみ,写真・ネガフィルム,,し
可燃ごみ,下着類,,し
可燃ごみ,湿布,,し
可燃ごみ,しゃもじ（木製）,,し
可燃ごみ,食用油,固型剤で固めるなどして出してください。NPO法人エコネット丹後（0772-62-3855）が資源として回収しておられます。各市民局などに専用の回収ボックスが設置されていますので、ペットポトルなどしっかりふたができる容器に入れてお出しください（無料）。,し
可燃ごみ（粗大ごみ）,収納ケース（紙・木製）,金属部分を外して出してください。,し
可燃ごみ（粗大ごみ）,障子戸,現地確認が必要ですので事前に峰山クリーンセンター（0772-62-4626）にご連絡ください。施設には、1.0m以内もしくは半分に切断してから持ち込んでください。,し
可燃ごみ（粗大ごみ）,竹刀（しない）,,し
可燃ごみ（粗大ごみ）,じゅうたん,折りたたむか束ねたままで出してください。,し
可燃ごみ（粗大ごみ）,書棚・食器棚（木製）,金属部分を外して出してください。（ガラス含む）,し
容器包装プラスチック,シャンプー容器,中身を使い切って出してください。,し
容器包装プラスチック,食品袋（ビニール）,,し
容器包装プラスチック,食品ラップ,分別困難な場合は、可燃ごみに出してください。,し
容器包装プラスチック,食用油のボトル,中身を使い切って出してください（食器のすすぎ水などを利用してください）。,し
小型家電,照明器具類,小型家電ボックス（横60センチ たて25センチ）に入らないものは、不燃ごみとしてお出しください。蛍光管をはずして出してください。,し
小型家電,ジャー（炊飯器）,小型家電ボックス（横60センチ たて25センチ）に入らないものは、不燃ごみとしてお出しください。,し
小型家電,CDプレイヤー,小型家電ボックス（横60センチ たて25センチ）に入らないものは、不燃ごみとしてお出しください。,し
小型家電,ジューサーミキサー,小型家電ボックス（横60センチ たて25センチ）に入らないものは、不燃ごみとしてお出しください。,し
小型家電,除湿器,小型家電ボックス（横60センチ たて25センチ）に入らないものは、不燃ごみとしてお出しください。,し
小型家電,シンセサイザー,小型家電ボックス（横60センチ たて25センチ）に入らないものは、不燃ごみとしてお出しください。,し
小型家電,食器洗い乾燥機,小型家電ボックス（横60センチ たて25センチ）に入らないものは、不燃ごみとしてお出しください。,し
空き缶,消臭スプレー缶,空にして、火気のない所で穴をあけてだしてください。,し
不燃ごみ,寿司おけ（プラメークなし）,,す
不燃ごみ,炭,,す
不燃ごみ,スプレー缶（スプレーラッカー、塗料、リサイクルマークのないもの　）,中身を空にしてから、火気のない所で穴をあけてだしてください。,す
不燃ごみ,スパイクシューズ,,す
不燃ごみ,スタンプ台,,す
不燃ごみ,スケート,,す
不燃ごみ,水槽の装飾品、石、砂,,す
不燃ごみ,水筒,,す
不燃ごみ（粗大ごみ）,ストーブガード,,す
不燃ごみ（粗大ごみ）,スノーダンプ,,す
不燃ごみ（粗大ごみ）,スレート波板（家庭用）,日曜大工で出たものに限ります。,す
不燃ごみ（粗大ごみ）,水槽,,す
不燃ごみ（粗大ごみ）,スーツケース,,す
不燃ごみ（粗大ごみ）,スキー板・スキー靴・ストック,,す
不燃ごみ（粗大ごみ）,スケートボード（プラスチック製品）,,す
不燃ごみ（粗大ごみ）,スプリングマット（スプリング）,布や木などは解体して可燃ごみとしてお出しください。,す
不燃ごみ（粗大ごみ）,スコップ,,す
不燃ごみ（粗大ごみ）,ストーブ,電池と灯油は必ず抜いて出してください。,す
受入れできないもの,スクーター（原付）,購入店または専門業者へ引取りを依頼してください。,す
古紙類,図鑑,雑誌類と同じ区分で出してください。,す
可燃ごみ,スーツ,,す
可燃ごみ,ストッキング,,す
可燃ごみ,スキーウエア,,す
可燃ごみ,すりこぎ棒,,す
可燃ごみ,スリッパ,,す
可燃ごみ（粗大ごみ）,スケートボード（木製）,金属部分を外して出してください。,す
可燃ごみ（粗大ごみ）,すだれ,,す
可燃ごみ（粗大ごみ）,スプリングマット（布類）,金属部分を外して出してください。（スプリング含む）,す
可燃ごみ（粗大ごみ）,スポンジマット,折りたたむか束ねたままで出してください。,す
容器包装プラスチック,スーパーのレジ袋,マイバッグを持参し、ごみの減量にご協力ください。,す
容器包装プラスチック,寿司おけ（プラマークあり）,,す
小型家電,ステレオ,小型家電ボックス（横60センチ たて25センチ）に入らないものは、不燃ごみとしてお出しください。,す
有害ごみ,水銀灯,家庭用,す
空き缶,スプレー缶（リサイクルマークのあるもの）,中身を空にしてから、火気のない所で穴をあけてだしてください。,す
不燃ごみ,洗面器,,せ
不燃ごみ,洗濯ばさみ,,せ
不燃ごみ,千枚通し,先端部分を保護して出してください。,せ
不燃ごみ,洗車ブラシ,,せ
不燃ごみ,洗濯かご,,せ
不燃ごみ,剪定ばさみ,先端部分を保護して出してください。,せ
不燃ごみ,栓抜き,,せ
不燃ごみ（粗大ごみ）,石油ストーブ,電池と灯油は必ず抜いて出してください。,せ
不燃ごみ（粗大ごみ）,石油ファンヒーター,電池と灯油は必ず抜いて出してください。,せ
不燃ごみ（粗大ごみ）,セラミックヒーター,,せ
受入れできないもの,洗濯乾燥機,商品を購入した店舗または買い替えの場合は商品購入予定の店舗に引き取ってもらってください（要：リサイクル料金）,せ
受入れできないもの,洗濯機,商品を購入した店舗または買い替えの場合は商品購入予定の店舗に引き取ってもらってください（要：リサイクル料金）,せ
可燃ごみ,洗濯ネット,,せ
可燃ごみ,剪定くず（庭木くず）,長さ1m以内に切り、峰山クリーンセンターへ搬入。太さが20センチを超えるものは大宮最終処分場へ。,せ
可燃ごみ,線香,水に浸すなど完全に消化させてから出してください。,せ
可燃ごみ,生花,,せ
容器包装プラスチック,洗濯洗剤の容器（液体）,,せ
小型家電,扇風機,小型家電ボックス（横60センチ たて25センチ）に入らないものは、不燃ごみとしてお出しください。,せ
不燃ごみ,造花,,そ
不燃ごみ,双眼鏡,,そ
不燃ごみ（粗大ごみ）,そり,,そ
不燃ごみ（粗大ごみ）,ソファー（スプリング）,布や木などは解体して可燃ごみとしてお出しください。,そ
可燃ごみ,掃除機用のごみパック,,そ
可燃ごみ,そろばん,,そ
可燃ごみ（粗大ごみ）,ソファー（布類）,金属部分を外して出してください。（スプリング含む）,そ
小型家電,送風機,小型家電ボックス（横60センチ たて25センチ）に入らないものは、不燃ごみとしてお出しください。,そ
小型家電,掃除機,小型家電ボックス（横60センチ たて25センチ）に入らないものは、不燃ごみとしてお出しください。,そ
不燃ごみ,タイヤチェーン,,た
不燃ごみ,体重計,電池入りのものは取り外して出してください。,た
不燃ごみ,脱衣かご,,た
不燃ごみ,耐熱ガラス製品,空きびんではありません。,た
不燃ごみ（粗大ごみ）,卓上コンロ,電池及びカセットボンベは取り外してください。,た
不燃ごみ（粗大ごみ）,タイル（家庭用）,,た
受入れできないもの,タイヤ（ホイール含む）　自転車、一輪車などのタイヤは受入可能,購入店または専門業者へ引取りを依頼してください。,た
古紙類,段ボール,,た
古紙類,ダイレクトメール,圧着タイプのはがきは可燃ごみ,た
可燃ごみ,タンスシート,,た
可燃ごみ,種,,た
可燃ごみ,タオル,,た
可燃ごみ,竹ぐし,先端部分を保護して出してください。,た
可燃ごみ,足袋（たび）,,た
可燃ごみ（粗大ごみ）,竹ぼうき,,た
可燃ごみ（粗大ごみ）,畳,5枚以上の場合は職員による現地確認が必要ですので事前に峰山クリーンセンター（0772-62-4626）にご連絡ください。,た
可燃ごみ（粗大ごみ）,たんす,破砕した後に焼却しますので、分解し金属部分を外して出してください。（ガラス含む）,た
容器包装プラスチック,たばこの外包装フィルム,,た
容器包装プラスチック,卵のパック,,た
小型家電,体温計（電池式）,小型家電ボックス（横60センチ たて25センチ）に入らないものは、不燃ごみとしてお出しください。電池を抜いて出してください。,た
小型家電,体重計（電気式）,小型家電ボックス（横60センチ たて25センチ）に入らないものは、不燃ごみとしてお出しください。,た
有害ごみ,体温計（水銀入り）,割れないように出してください。,た
不燃ごみ,茶わん類,,ち
不燃ごみ,チェーンソー,購入店または専門業者へ引取りを依頼してください。,ち
不燃ごみ,彫刻刀,先端部分を保護して出してください。,ち
不燃ごみ（粗大ごみ）,チャイルドシート,,ち
受入れできないもの,注射器,病院または専門業者へ引取りを依頼してください。,ち
古紙類,チラシ,新聞・チラシと同じ区分で出してください。,ち
古紙類,調味料の箱,,ち
不燃ごみ,使い捨てカイロ,,つ
不燃ごみ,使い捨てカメラ,,つ
不燃ごみ,積み木（プラスチック製）,,つ
不燃ごみ,爪切り,,つ
不燃ごみ（粗大ごみ）,漬物石,,つ
不燃ごみ（粗大ごみ）,釣り竿,,つ
不燃ごみ（粗大ごみ）,机（金属製）,,つ
可燃ごみ,釣り糸,,つ
可燃ごみ,積み木（木製）,,つ
可燃ごみ（粗大ごみ）,机（木製）,破砕した後に焼却しますので、分解し金属部分を外して出してください。,つ
不燃ごみ,手鏡,,て
不燃ごみ,テント,,て
不燃ごみ,電球（白熱球）,,て
不燃ごみ,DVDディスク,壊してから出してください。,て
不燃ごみ,鉄アレイ,,て
不燃ごみ（粗大ごみ）,電気カーペット,,て
不燃ごみ（粗大ごみ）,テーブル（金属製）,,て
不燃ごみ（粗大ごみ）,電気毛布,,て
受入れできないもの,テレビ,商品を購入した店舗または買い替えの場合は商品購入予定の店舗に引き取ってもらってください（要：リサイクル料金）,て
受入れできないもの,電池（充電式）,回収協力店（電気店）に引き取ってもらってください。,て
古紙類,電話帳,配付時に前年分を返却してください。,て
古紙類,ティッシュペーパーの箱,,て
可燃ごみ（粗大ごみ）,テーブル（木製）,金属部分を外して出してください。,て
小型家電,テレビゲーム機,,て
小型家電,テレビチューナー内蔵パソコン用モニター,,て
小型家電,電気カミソリ,,て
小型家電,電気コード、電気ケーブル,,て
小型家電,電気サンダ,,て
小型家電,電話機,,て
小型家電,電気ストーブ,小型家電ボックス（横60センチ たて25センチ）に入らないものは、不燃ごみとしてお出しください。,て
小型家電,電子書籍端末,,て
小型家電,電子体温計,,て
小型家電,電子体重計,,て
小型家電,電子時計（電気時計）,,て
小型家電,電卓,,て
小型家電,電気ドリル,,て
小型家電,電子レンジ,小型家電ボックス（横60センチ たて25センチ）に入らないものは、不燃ごみとしてお出しください。,て
小型家電,デジタルカメラ,,て
小型家電,デジタル歩数計,,て
小型家電,電磁調理器（IH調理器）,小型家電ボックス（横60センチ たて25センチ）に入らないものは、不燃ごみとしてお出しください。,て
小型家電,電動ハブラシ,,て
小型家電,電子辞書,,て
小型家電,DVDレコーダー/プレイヤー,小型家電ボックス（横60センチ たて25センチ）に入らないものは、不燃ごみとしてお出しください。,て
有害ごみ,電池,,て
有害ごみ,電球（電球型蛍光灯）　型番EFから始まる,割れないように出してください。,て
不燃ごみ,時計,電池を抜いて出してください。,と
不燃ごみ,トロフィー,,と
不燃ごみ,トイレブラシ,,と
不燃ごみ,トランシーバー,電池を抜いて出してください。,と
不燃ごみ,ドライバー,,と
不燃ごみ,土鍋・土瓶,,と
不燃ごみ（粗大ごみ）,トタン板,日曜大工で出たものに限ります。,と
受入れできないもの,トンネル用ビニール（農業用）,購入店または専門業者へ引取りを依頼してください。,と
古紙類,トイレットペーパーの芯,プラスチック製は、不燃ごみでお出しください。,と
小型家電,ドライヤー,,と
小型家電,トースター,小型家電ボックス（横60センチ たて25センチ）に入らないものは、不燃ごみとしてお出しください。,と
不燃ごみ,鍋（なべ）,,な
不燃ごみ,ナイフ,先端部分を保護して出してください。,な
不燃ごみ,流し台,金属部分は取り除いてください。,な
不燃ごみ,鉈（なた）,先端部分を保護して出してください。,な
不燃ごみ,鍋敷（金属製）,,な
受入れできないもの,苗箱,購入店または専門業者へ引取りを依頼してください。,な
可燃ごみ,長靴,金具等は取り外して不燃ごみにお出しください。金具等が取り外せないものは不燃になります。,な
可燃ごみ,鍋焼きうどんのアルミ鍋（汚れているもの）,,な
可燃ごみ,縄,短く切って袋に入れて出してください。,な
可燃ごみ,鍋つかみ,,な
可燃ごみ,鍋敷（布・木製）,,な
可燃ごみ,苗用ポット（プラマークなし）または汚れた苗用ポット,家庭菜園程度に限ります。,な
容器包装プラスチック,苗用ポット（プラマークあり）,家庭菜園程度に限ります。,な
空き缶,鍋焼うどんのアルミ鍋（汚れの無いもの）,資源として再利用します。,な
不燃ごみ,ニッパー,,に
可燃ごみ,庭木の剪定くず,長さ1m以内に切り、峰山クリーンセンターへ搬入。太さが20センチを超えるものは大宮最終処分場へ。,に
可燃ごみ,人形（木・布･ゴム製）,電池を使用していないもの。,に
不燃ごみ,縫い針,散らばらないようにして出してください。,ぬ
不燃ごみ,塗り薬びん,空きびんではありません。,ぬ
可燃ごみ,ぬいぐるみ,電池を使用していないもの。,ぬ
可燃ごみ,ぬかみそ,,ぬ
不燃ごみ,ねずみ取りカゴ,,ね
不燃ごみ,ねんど（土製）,工作用に限ります。,ね
可燃ごみ,寝袋,,ね
可燃ごみ,ねんど（紙製）,工作用に限ります。,ね
不燃ごみ,のみ,,の
不燃ごみ,のこぎり,,の
不燃ごみ,農薬びん,中身を使い切って出してください。空きびんではありません。,の
受入れできないもの,農機具,購入店または専門業者へ引取りを依頼してください。,の
受入れできないもの,農業用ビニール（プラ関係）,購入店または専門業者へ引取りを依頼してください。,の
受入れできないもの,農薬,購入店または薬局にご相談ください。,の
小型家電,ノートパソコン,小型家電ボックス（横60センチ たて25センチ）に入らないものは、各メーカーに回収を申し込んでください。,の
空きびん,飲み薬のびん,空にして、すすいで、ふたを取って出してください。,の
不燃ごみ,パチスロ台（家庭用）,事業活動によるものは、受入れできません。,は
不燃ごみ,ハンダゴテ,,は
不燃ごみ,ハーモニカ,,は
不燃ごみ,灰,燃やす行為は、止めてください。,は
不燃ごみ,灰皿（陶磁器・ガラス製）,空きびんではありません。,は
不燃ごみ,バケツ,,は
不燃ごみ,はさみ,先端部分を保護して出してください。,は
不燃ごみ,はんこ（石製）,壊してから出してください。,は
不燃ごみ,ハンガー（針金・プラスチック製とも）,,は
不燃ごみ,針金,散らばらないようにして出してください。,は
不燃ごみ,はた（機織り機）,金属類、木製部品の分別が必要です。解体及び運搬を業者に依頼する場合、その解体業者が一廃収運許可を持っている必要あります。許可が無ければ許可業者に収運を依頼してください。,は
不燃ごみ,針,散らばらないようにして出してください。,は
不燃ごみ,刃物類,先端部分を保護して出してください。,は
不燃ごみ,白熱電球,,は
不燃ごみ,歯ブラシ,,は
不燃ごみ（粗大ごみ）,はしご（金属製）,,は
不燃ごみ（粗大ごみ）,バール,,は
不燃ごみ（粗大ごみ）,パイプ椅子,,は
不燃ごみ（粗大ごみ）,パイプベット,,は
不燃ごみ（粗大ごみ）,バット（金属製）,,は
受入れできないもの,バッテリー,購入店または専門業者へ引取りを依頼してください。,は
受入れできないもの,パソコン（デスクトップ型）,小型家電ボックス（横60センチ たて25センチ）に入らないものは、各メーカーに回収を申し込んでください。,は
受入れできないもの,廃油(機械油・オイルなど),購入店または専門業者へ引取りを依頼してください。,は
受入れできないもの,ハウス用ビニール,購入店または専門業者へ引取りを依頼してください。,は
受入れできないもの,パレット（フォークリフト用）,京都府産業廃棄物協会（075-694-3402）,は
受入れできないもの,パソコン（自作型）,自作パソコンなどメーカーのわからないものは、有限責任中間法人パソコン3R推進センター（03-5282-7685）へご連絡ください。,は
受入れできないもの,バイク・オートバイ,販売店・製造元または二輪車リサイクルコールセンター　（050-3000-0727）にご連絡ください。ホームページHttp://www.jarC.or.jp/motorCyCLE/,は
古紙類,パンフレット・カタログ,,は
可燃ごみ,バスタオル・バスマット,,は
可燃ごみ,はんこ（木製）,壊してから出してください。,は
可燃ごみ,バック・かばん（布・皮製）,,は
可燃ごみ,花火,水に浸してからお出しください。,は
可燃ごみ（粗大ごみ）,はしご（木製）,,は
可燃ごみ（粗大ごみ）,バット（木製）,,は
容器包装プラスチック,発泡スチロール,少量のものに限ります。大量に出される場合は直接持込んでください。,は
小型家電,パソコン用モニター,小型家電ボックス（横60センチ たて25センチ）に入らないものは、各メーカーに回収を申し込んでください。,は
小型家電,パソコン（小型）,,は
小型家電,パソコン（基盤）,,は
小型家電,ハンドクリーナー,,は
不燃ごみ,ビデオテープ（ケースを含む）,,ひ
不燃ごみ,ピンセット,,ひ
不燃ごみ,PVCマット,事業活動によるものは、受入れできません。,ひ
不燃ごみ,ピアニカ,,ひ
受入れできないもの,ピアノ,購入店または専門業者へ引取りを依頼してください。,ひ
受入れできないもの,肥料袋（農業用で使用するもの）,農業用のものの処分は購入店にご相談ください。,ひ
古紙類,ビールのパック紙,,ひ
可燃ごみ,便箋（びんせん）,,ひ
可燃ごみ,肥料袋（家庭菜園で使用するもの）,プラマークが付いているものは、資源ごみとしてお出しください。,ひ
可燃ごみ,ビーチサンダル,,ひ
可燃ごみ（粗大ごみ）,ビニールシート（家庭用）,折りたたむか束ねたままで出してください。,ひ
容器包装プラスチック,漂白剤ボトル,中身を使い切って出してください。,ひ
小型家電,BS（CS)アンテナ、チューナー,小型家電ボックス（横60センチ たて25センチ）に入らないものは、不燃ごみとしてお出しください。,ひ
小型家電,ビデオカメラ・ビデオデッキ,小型家電ボックス（横60センチ たて25センチ）に入らないものは、不燃ごみとしてお出しください。,ひ
空きびん,ビールびん,買ったお店に返してください。（リターナブルびん）,ひ
不燃ごみ,フロアカーペット,,ふ
不燃ごみ,プラモデル,,ふ
不燃ごみ,フライパン,,ふ
不燃ごみ,フロッピーディスク,壊してから出してください。,ふ
不燃ごみ,ぶんちん,,ふ
不燃ごみ,風呂用（いす・おけ）,素材により分別してください。,ふ
不燃ごみ,風鈴（ふうりん）,,ふ
不燃ごみ,フォーク,,ふ
不燃ごみ,筆箱,素材により分別してください。,ふ
不燃ごみ,フライ返し,素材により分別してください。,ふ
不燃ごみ（粗大ごみ）,ブラインド,,ふ
不燃ごみ（粗大ごみ）,ファンヒーター,電池とタンク・本体に溜まっている灯油は必ず抜いて出してください。,ふ
不燃ごみ（粗大ごみ）,風呂用（湯船のふた）,素材により分別してください。,ふ
不燃ごみ（粗大ごみ）,プリンター大（横61センチ　たて26センチ以上のもの）,家庭用のものに限ります。,ふ
受入れできないもの,プロパンガスボンベ,購入店または専門業者へ引取りを依頼してください。,ふ
受入れできないもの,フォークリフト用のパレット,京都府産業廃棄物協会（075-694-3402）,ふ
古紙類,プリント,,ふ
可燃ごみ,筆,素材により分別してください。,ふ
可燃ごみ,風船,,ふ
可燃ごみ,封筒（紙製）,有効利用してください。,ふ
可燃ごみ,封筒（ビニール窓付き）,有効利用してください。,ふ
可燃ごみ,プール（幼児用）,,ふ
可燃ごみ,布団カバー・布団袋,,ふ
可燃ごみ（粗大ごみ）,ブルーシート（家庭用）,折りたたむか束ねたままで出してください。,ふ
可燃ごみ（粗大ごみ）,襖（ふすま）,現地確認が必要ですので事前に峰山クリーンセンター（0772-62-4626）にご連絡ください。施設には、1.0m以内もしくは半分に切断してから持ち込んでください。,ふ
可燃ごみ（粗大ごみ）,布団,折りたたむか束ねたままで出してください。,ふ
容器包装プラスチック,プリンのカップ,すすいでから出してください。,ふ
小型家電,布団乾燥機,小型家電ボックス（横60センチ たて25センチ）に入らないものは、不燃ごみとしてお出しください。,ふ
小型家電,フードプロセッサ,小型家電ボックス（横60センチ たて25センチ）に入らないものは、不燃ごみとしてお出しください。家庭用に限ります。,ふ
小型家電,ファクシミリ機,小型家電ボックス（横60センチ たて25センチ）に入らないものは、不燃ごみとしてお出しください。家庭用に限ります。,ふ
小型家電,プロジェクター,小型家電ボックス（横60センチ たて25センチ）に入らないものは、不燃ごみとしてお出しください。家庭用に限ります。,ふ
小型家電,プリンター（横60センチ　たて25センチ以内）,小型家電ボックス（横60センチ たて25センチ）に入らないものは、不燃ごみとしてお出しください。家庭用に限ります。,ふ
ペットボトル,ペットボトル（飲料・酒・しょうゆ類）,表示数字が1のマークのあるものに限ります。,へ
不燃ごみ,ペンキのスプレー式の缶,中身を使い切り穴を空けて出してください。,へ
不燃ごみ,弁当箱,素材により分別してください。,へ
不燃ごみ,ヘアピン,散らばらないようにして出してください。,へ
不燃ごみ,ペーパーナイフ,先端部分を保護して出してください。,へ
不燃ごみ,ペンキの空き缶,中身を使い切ったものに限ります。,へ
不燃ごみ,ヘッドホン,,へ
不燃ごみ,ヘルメット,,へ
不燃ごみ（粗大ごみ）,ベビーカー,,へ
不燃ごみ（粗大ごみ）,ベッド用マットレス（スプリング）,排出者で要解体。布部分・木枠部分は可燃ごみ。スプリング等金属部分は不燃ごみ。,へ
不燃ごみ（粗大ごみ）,ベッド（金属製）,,へ
可燃ごみ,ペットの砂,,へ
可燃ごみ,ペットボトル（汚れが落ちないもの）,,へ
可燃ごみ,便座カバー,,へ
可燃ごみ（粗大ごみ）,ベッド用マットレス（布類）,排出者で要解体。布部分・木枠部分は可燃ごみ。スプリング等金属部分は不燃ごみ。,へ
可燃ごみ（粗大ごみ）,ベッド（木製）,金属部分を外して出してください。,へ
容器包装プラスチック,弁当容器(コンビニ等）,すすいでから出してください。,へ
容器包装プラスチック,ヘアカラーチューブ,分別困難な場合は、可燃ごみに出してください。,へ
容器包装プラスチック,ペットボトルのふた,,へ
小型家電,ヘアドライヤー,,へ
空き缶,ヘアスプレー缶,空にして、火気のない所で穴をあけてだしてください。,へ
不燃ごみ,包丁,先端部分を保護して出してください。,ほ
不燃ごみ,包丁研ぎ,,ほ
不燃ごみ,ボール（球：空気を中に入れることができないもの）,ゴルフボール、軟式野球ボール、硬式野球ボール、テニスボール、ゲートボール、ボウリングボール　他,ほ
不燃ごみ,ポリ容器,家庭用に限ります。,ほ
不燃ごみ,ボンド,家庭用に限ります。,ほ
不燃ごみ,ホーロー鍋,,ほ
不燃ごみ,ボールペン,,ほ
不燃ごみ,望遠鏡,,ほ
不燃ごみ,哺乳びん,,ほ
不燃ごみ,芳香剤,,ほ
不燃ごみ,ホッチキス,,ほ
不燃ごみ（粗大ごみ）,歩行器（子供用）,,ほ
不燃ごみ（粗大ごみ）,ホワイトボード（白板）,,ほ
不燃ごみ（粗大ごみ）,本棚（金属製）,,ほ
不燃ごみ（粗大ごみ）,ポータブルコンロ,カセット燃料をはずして出してください。,ほ
不燃ごみ（粗大ごみ）,ボストンバッグ,,ほ
受入れできないもの,ホイール（自動車部品）,購入店または専門業者へ引取りを依頼してください。,ほ
古紙類,包装紙,,ほ
古紙類,本(書籍）,雑誌類と同じ区分で出してください。,ほ
可燃ごみ,ボール（球：空気を中に入れることができるもの）,空気を抜いてから出してください。バスケットボール、サッカーボール、バレーボール、ラグビーボール、ドッジボール、ビーチボール、ピンポン球　他,ほ
可燃ごみ,防虫シート,,ほ
可燃ごみ,ホース,長さを1m以内に切断してからお出しください。,ほ
可燃ごみ,保冷剤,,ほ
可燃ごみ（粗大ごみ）,本棚（木製）,金属部分を外して出してください。（ガラス含む）,ほ
可燃ごみ（粗大ごみ）,ほうき（木製）,金属部分を外して出してください。,ほ
小型家電,ホットプレート,小型家電ボックス（横60センチ たて25センチ）に入らないものは、不燃ごみとしてお出しください。家庭用に限ります。,ほ
小型家電,ポータブルミシン小（横60センチ　たて25センチ以内）,小型家電ボックス（横60センチ たて25センチ）に入らないものは、不燃ごみとしてお出しください。,ほ
小型家電,ポット,,ほ
有害ごみ,ボタン電池,,ほ
不燃ごみ,万年筆,,ま
不燃ごみ,マーカーペン,,ま
不燃ごみ,麻雀パイ,,ま
不燃ごみ,マイク,電池を抜いて出してください。,ま
不燃ごみ,マウス,,ま
不燃ごみ,マグネット（磁石）,,ま
不燃ごみ,マジックペン,,ま
不燃ごみ,マスカラ・マニキュア,,ま
不燃ごみ,マットレス,排出者で要解体。布部分・木枠部分は可燃ごみ。スプリング等金属部分は不燃ごみ。,ま
不燃ごみ,まな板（プラスチック製）,,ま
不燃ごみ,魔法瓶,,ま
不燃ごみ,マルチシート（家庭菜園で使用するもの）,農業用のものは購入店にご相談ください。,ま
不燃ごみ,巻き尺,,ま
不燃ごみ,マグカップ（陶磁器類）,,ま
不燃ごみ（粗大ごみ）,マッサージ機（チェアー）,,ま
可燃ごみ,マフラー（防寒用）,,ま
可燃ごみ,マウスパッド,,ま
可燃ごみ,まくら,素材により分別してください。,ま
可燃ごみ,孫の手,素材により分別してください。,ま
可燃ごみ,マッチ、マッチ箱,水にぬらして出してください。,ま
可燃ごみ（粗大ごみ）,まな板（木製）,,ま
小型家電,万歩計,電池を抜いて出してください。,ま
小型家電,マッサージ機（小型）,小型家電ボックス（横60センチ たて25センチ）に入らないものは、不燃ごみとしてお出しください。家庭用に限ります。,ま
不燃ごみ,mD（ミニディスク）,壊してから出してください。,み
不燃ごみ,水差し,,み
不燃ごみ（粗大ごみ）,ミシン大（横61センチ　たて26センチ以上）,,み
容器包装プラスチック,みかんの網・ネット・ポリ袋,,み
小型家電,ミキサー（食品用）,小型家電ボックス（横60センチ たて25センチ）に入らないものは、不燃ごみとしてお出しください。家庭用に限ります。,み
小型家電,ミニ掃除機,電池を抜いて出してください。,み
不燃ごみ,虫かご,,む
不燃ごみ,虫取り網,,む
不燃ごみ,虫ピン,散らばらないようにして出してください。,む
不燃ごみ,虫めがね,,む
小型家電,無線機,電池を抜いて出してください。,む
不燃ごみ,目覚まし時計,電池を抜いて出してください。,め
不燃ごみ,名刺入れ（金属製）,,め
不燃ごみ,めがね,,め
不燃ごみ,めがねケース,,め
古紙類,メモ用紙,,め
可燃ごみ,名刺,,め
可燃ごみ,名刺入れ（布製）,,め
可燃ごみ,綿棒,,め
容器包装プラスチック,目薬の容器（ボトル）,すすいでから出してください。,め
小型家電,メモリーカード,,め
不燃ごみ,モップ,,も
不燃ごみ（粗大ごみ）,物干し竿,,も
不燃ごみ（粗大ごみ）,物干し台,,も
小型家電,もちつき機（電気式）,小型家電ボックス（横60センチ たて25センチ）に入らないものは、不燃ごみとしてお出しください。家庭用に限ります。,も
小型家電,モニターテレビ,小型家電ボックス（横60センチ たて25センチ）に入らないものは、不燃ごみとしてお出しください。家庭用に限ります。,も
小型家電,モデム,,も
不燃ごみ,やかん,,や
不燃ごみ,やすり,,や
受入れできないもの,薬品（農薬等の劇物）,購入店または専門業者へ引取りを依頼してください。,や
不燃ごみ,湯たんぽ（金属製）,,ゆ
不燃ごみ（粗大ごみ）,浴槽のふた,,ゆ
小型家電,USBメモリー,,ゆ
可燃ごみ,ヨーグルトのカップ（紙製）,,よ
容器包装プラスチック,ヨーグルトのカップ（プラスチック製）,すすいでから出してください。,よ
容器包装プラスチック,ヨーグルトの外フィルム,,よ
不燃ごみ,ライター,使い切ってから出してください。火災の原因になります。,ら
不燃ごみ（粗大ごみ）,ランドセル,,ら
古紙類,ラップの芯（しん）,,ら
可燃ごみ（粗大ごみ）,ラケット（木製）,素材により分別してください。,ら
小型家電,ラジコン,,ら
小型家電,ラジオ,,ら
小型家電,ラジカセ,小型家電ボックス（横60センチ たて25センチ）に入らないものは、不燃ごみとしてお出しください。家庭用に限ります。電池を抜いて出してください。,ら
空きびん,ラムネのびん,口の部分のプラスチック部分はそのままお出しください。,ら
不燃ごみ,リール（魚釣り用）,,り
不燃ごみ,リップクリーム,,り
可燃ごみ,リュックサック（布・革製）,,り
小型家電,リモコン,,り
不燃ごみ,ルーペ,,る
不燃ごみ（粗大ごみ）,ルーフィング,日曜大工で出たものに限ります。,る
小型家電,ルーター・スイッチ,,る
不燃ごみ,レコード,,れ
不燃ごみ,れんげ（陶磁器製）,,れ
不燃ごみ,練炭,峰山・網野・久美浜最終処分場に持込みください（大宮最終処分場を除く）。,れ
不燃ごみ,レモン絞り,,れ
不燃ごみ,冷蔵庫脱臭剤,,れ
不燃ごみ（粗大ごみ）,レンジ（電子レンジ）,,れ
不燃ごみ（粗大ごみ）,レンジ台（金属製）,,れ
受入れできないもの,冷蔵庫,商品を購入した店舗または買い替えの場合は商品購入予定の店舗に引き取ってもらってください（要：リサイクル料金）,れ
受入れできないもの,冷凍庫,商品を購入した店舗または買い替えの場合は商品購入予定の店舗に引き取ってもらってください（要：リサイクル料金）,れ
可燃ごみ,レジャーシート,,れ
可燃ごみ（粗大ごみ）,レンジ台（木製）,金属部分を外して出してください。（ガラス含む）,れ
容器包装プラスチック,レジ袋,マイバッグを持参し、ごみの減量にご協力ください。,れ
小型家電,レコードプレイヤー,小型家電ボックス（横60センチ たて25センチ）に入らないものは、不燃ごみとしてお出しください。,れ
不燃ごみ,ローラースケート,,ろ
可燃ごみ,ろうそく,,ろ
可燃ごみ,ロープ,短く切って袋に入れて出してください。,ろ
